통계연월,통계시도명,통계시군구명,장애정도,성별,등록장애인수
202009,서울특별시,종로구,심한 장애,남자,1333
202009,서울특별시,종로구,심한 장애,여자,894
202009,서울특별시,종로구,심하지 않은 장애,남자,2158
202009,서울특별시,종로구,심하지 않은 장애,여자,1641
202009,서울특별시,중구,심한 장애,남자,1230
202009,서울특별시,중구,심한 장애,여자,799
202009,서울특별시,중구,심하지 않은 장애,남자,2050
202009,서울특별시,중구,심하지 않은 장애,여자,1623
202009,서울특별시,용산구,심한 장애,남자,1670
202009,서울특별시,용산구,심한 장애,여자,1179
202009,서울특별시,용산구,심하지 않은 장애,남자,2935
202009,서울특별시,용산구,심하지 않은 장애,여자,2219
202009,서울특별시,성동구,심한 장애,남자,2432
202009,서울특별시,성동구,심한 장애,여자,1578
202009,서울특별시,성동구,심하지 않은 장애,남자,4193
202009,서울특별시,성동구,심하지 않은 장애,여자,3312
202009,서울특별시,광진구,심한 장애,남자,2648
202009,서울특별시,광진구,심한 장애,여자,1771
202009,서울특별시,광진구,심하지 않은 장애,남자,4605
202009,서울특별시,광진구,심하지 않은 장애,여자,3396
202009,서울특별시,동대문구,심한 장애,남자,3320
202009,서울특별시,동대문구,심한 장애,여자,2086
202009,서울특별시,동대문구,심하지 않은 장애,남자,5825
202009,서울특별시,동대문구,심하지 않은 장애,여자,4500
202009,서울특별시,중랑구,심한 장애,남자,4532
202009,서울특별시,중랑구,심한 장애,여자,2998
202009,서울특별시,중랑구,심하지 않은 장애,남자,7309
202009,서울특별시,중랑구,심하지 않은 장애,여자,5585
202009,서울특별시,성북구,심한 장애,남자,3564
202009,서울특별시,성북구,심한 장애,여자,2455
202009,서울특별시,성북구,심하지 않은 장애,남자,6472
202009,서울특별시,성북구,심하지 않은 장애,여자,5085
202009,서울특별시,강북구,심한 장애,남자,3841
202009,서울특별시,강북구,심한 장애,여자,2689
202009,서울특별시,강북구,심하지 않은 장애,남자,6106
202009,서울특별시,강북구,심하지 않은 장애,여자,4852
202009,서울특별시,도봉구,심한 장애,남자,3340
202009,서울특별시,도봉구,심한 장애,여자,2242
202009,서울특별시,도봉구,심하지 않은 장애,남자,5631
202009,서울특별시,도봉구,심하지 않은 장애,여자,4214
202009,서울특별시,노원구,심한 장애,남자,6991
202009,서울특별시,노원구,심한 장애,여자,5062
202009,서울특별시,노원구,심하지 않은 장애,남자,8008
202009,서울특별시,노원구,심하지 않은 장애,여자,7185
202009,서울특별시,은평구,심한 장애,남자,5266
202009,서울특별시,은평구,심한 장애,여자,3153
202009,서울특별시,은평구,심하지 않은 장애,남자,7465
202009,서울특별시,은평구,심하지 않은 장애,여자,5891
202009,서울특별시,서대문구,심한 장애,남자,2625
202009,서울특별시,서대문구,심한 장애,여자,1896
202009,서울특별시,서대문구,심하지 않은 장애,남자,4312
202009,서울특별시,서대문구,심하지 않은 장애,여자,3726
202009,서울특별시,마포구,심한 장애,남자,2856
202009,서울특별시,마포구,심한 장애,여자,2052
202009,서울특별시,마포구,심하지 않은 장애,남자,4457
202009,서울특별시,마포구,심하지 않은 장애,여자,3634
202009,서울특별시,양천구,심한 장애,남자,3781
202009,서울특별시,양천구,심한 장애,여자,2588
202009,서울특별시,양천구,심하지 않은 장애,남자,6417
202009,서울특별시,양천구,심하지 않은 장애,여자,4785
202009,서울특별시,강서구,심한 장애,남자,7289
202009,서울특별시,강서구,심한 장애,여자,4964
202009,서울특별시,강서구,심하지 않은 장애,남자,9404
202009,서울특별시,강서구,심하지 않은 장애,여자,7136
202009,서울특별시,구로구,심한 장애,남자,3992
202009,서울특별시,구로구,심한 장애,여자,2587
202009,서울특별시,구로구,심하지 않은 장애,남자,6991
202009,서울특별시,구로구,심하지 않은 장애,여자,4740
202009,서울특별시,금천구,심한 장애,남자,2505
202009,서울특별시,금천구,심한 장애,여자,1600
202009,서울특별시,금천구,심하지 않은 장애,남자,4386
202009,서울특별시,금천구,심하지 않은 장애,여자,2928
202009,서울특별시,영등포구,심한 장애,남자,3044
202009,서울특별시,영등포구,심한 장애,여자,1849
202009,서울특별시,영등포구,심하지 않은 장애,남자,5594
202009,서울특별시,영등포구,심하지 않은 장애,여자,3977
202009,서울특별시,동작구,심한 장애,남자,3143
202009,서울특별시,동작구,심한 장애,여자,2167
202009,서울특별시,동작구,심하지 않은 장애,남자,5239
202009,서울특별시,동작구,심하지 않은 장애,여자,4094
202009,서울특별시,관악구,심한 장애,남자,4483
202009,서울특별시,관악구,심한 장애,여자,2963
202009,서울특별시,관악구,심하지 않은 장애,남자,7448
202009,서울특별시,관악구,심하지 않은 장애,여자,5392
202009,서울특별시,서초구,심한 장애,남자,2459
202009,서울특별시,서초구,심한 장애,여자,1702
202009,서울특별시,서초구,심하지 않은 장애,남자,3704
202009,서울특별시,서초구,심하지 않은 장애,여자,2658
202009,서울특별시,강남구,심한 장애,남자,4078
202009,서울특별시,강남구,심한 장애,여자,2813
202009,서울특별시,강남구,심하지 않은 장애,남자,4705
202009,서울특별시,강남구,심하지 않은 장애,여자,3644
202009,서울특별시,송파구,심한 장애,남자,4789
202009,서울특별시,송파구,심한 장애,여자,2972
202009,서울특별시,송파구,심하지 않은 장애,남자,7214
202009,서울특별시,송파구,심하지 않은 장애,여자,5333
202009,서울특별시,강동구,심한 장애,남자,4261
202009,서울특별시,강동구,심한 장애,여자,2631
202009,서울특별시,강동구,심하지 않은 장애,남자,6581
202009,서울특별시,강동구,심하지 않은 장애,여자,4690
202009,부산광역시,중구,심한 장애,남자,560
202009,부산광역시,중구,심한 장애,여자,343
202009,부산광역시,중구,심하지 않은 장애,남자,938
202009,부산광역시,중구,심하지 않은 장애,여자,787
202009,부산광역시,서구,심한 장애,남자,1572
202009,부산광역시,서구,심한 장애,여자,982
202009,부산광역시,서구,심하지 않은 장애,남자,2275
202009,부산광역시,서구,심하지 않은 장애,여자,1753
202009,부산광역시,동구,심한 장애,남자,1389
202009,부산광역시,동구,심한 장애,여자,831
202009,부산광역시,동구,심하지 않은 장애,남자,2140
202009,부산광역시,동구,심하지 않은 장애,여자,1824
202009,부산광역시,영도구,심한 장애,남자,2151
202009,부산광역시,영도구,심한 장애,여자,1515
202009,부산광역시,영도구,심하지 않은 장애,남자,3018
202009,부산광역시,영도구,심하지 않은 장애,여자,2421
202009,부산광역시,부산진구,심한 장애,남자,4115
202009,부산광역시,부산진구,심한 장애,여자,2597
202009,부산광역시,부산진구,심하지 않은 장애,남자,6800
202009,부산광역시,부산진구,심하지 않은 장애,여자,4985
202009,부산광역시,동래구,심한 장애,남자,2700
202009,부산광역시,동래구,심한 장애,여자,1696
202009,부산광역시,동래구,심하지 않은 장애,남자,4294
202009,부산광역시,동래구,심하지 않은 장애,여자,3031
202009,부산광역시,남구,심한 장애,남자,3056
202009,부산광역시,남구,심한 장애,여자,1984
202009,부산광역시,남구,심하지 않은 장애,남자,4807
202009,부산광역시,남구,심하지 않은 장애,여자,3332
202009,부산광역시,북구,심한 장애,남자,3843
202009,부산광역시,북구,심한 장애,여자,2469
202009,부산광역시,북구,심하지 않은 장애,남자,5741
202009,부산광역시,북구,심하지 않은 장애,여자,3956
202009,부산광역시,해운대구,심한 장애,남자,4123
202009,부산광역시,해운대구,심한 장애,여자,2836
202009,부산광역시,해운대구,심하지 않은 장애,남자,6162
202009,부산광역시,해운대구,심하지 않은 장애,여자,4739
202009,부산광역시,사하구,심한 장애,남자,4096
202009,부산광역시,사하구,심한 장애,여자,2896
202009,부산광역시,사하구,심하지 않은 장애,남자,6494
202009,부산광역시,사하구,심하지 않은 장애,여자,4451
202009,부산광역시,금정구,심한 장애,남자,2684
202009,부산광역시,금정구,심한 장애,여자,1815
202009,부산광역시,금정구,심하지 않은 장애,남자,4215
202009,부산광역시,금정구,심하지 않은 장애,여자,3033
202009,부산광역시,강서구,심한 장애,남자,1138
202009,부산광역시,강서구,심한 장애,여자,682
202009,부산광역시,강서구,심하지 않은 장애,남자,1956
202009,부산광역시,강서구,심하지 않은 장애,여자,1243
202009,부산광역시,연제구,심한 장애,남자,2157
202009,부산광역시,연제구,심한 장애,여자,1439
202009,부산광역시,연제구,심하지 않은 장애,남자,3580
202009,부산광역시,연제구,심하지 않은 장애,여자,2610
202009,부산광역시,수영구,심한 장애,남자,1852
202009,부산광역시,수영구,심한 장애,여자,1277
202009,부산광역시,수영구,심하지 않은 장애,남자,2901
202009,부산광역시,수영구,심하지 않은 장애,여자,2217
202009,부산광역시,사상구,심한 장애,남자,3298
202009,부산광역시,사상구,심한 장애,여자,2024
202009,부산광역시,사상구,심하지 않은 장애,남자,5006
202009,부산광역시,사상구,심하지 않은 장애,여자,3170
202009,부산광역시,기장군,심한 장애,남자,1963
202009,부산광역시,기장군,심한 장애,여자,1299
202009,부산광역시,기장군,심하지 않은 장애,남자,2925
202009,부산광역시,기장군,심하지 않은 장애,여자,2139
202009,대구광역시,중구,심한 장애,남자,841
202009,대구광역시,중구,심한 장애,여자,596
202009,대구광역시,중구,심하지 않은 장애,남자,1457
202009,대구광역시,중구,심하지 않은 장애,여자,1166
202009,대구광역시,동구,심한 장애,남자,4536
202009,대구광역시,동구,심한 장애,여자,2967
202009,대구광역시,동구,심하지 않은 장애,남자,7150
202009,대구광역시,동구,심하지 않은 장애,여자,5592
202009,대구광역시,서구,심한 장애,남자,2416
202009,대구광역시,서구,심한 장애,여자,1547
202009,대구광역시,서구,심하지 않은 장애,남자,4416
202009,대구광역시,서구,심하지 않은 장애,여자,3284
202009,대구광역시,남구,심한 장애,남자,1985
202009,대구광역시,남구,심한 장애,여자,1385
202009,대구광역시,남구,심하지 않은 장애,남자,3443
202009,대구광역시,남구,심하지 않은 장애,여자,2664
202009,대구광역시,북구,심한 장애,남자,4699
202009,대구광역시,북구,심한 장애,여자,3242
202009,대구광역시,북구,심하지 않은 장애,남자,8256
202009,대구광역시,북구,심하지 않은 장애,여자,5660
202009,대구광역시,수성구,심한 장애,남자,4002
202009,대구광역시,수성구,심한 장애,여자,2973
202009,대구광역시,수성구,심하지 않은 장애,남자,6451
202009,대구광역시,수성구,심하지 않은 장애,여자,4906
202009,대구광역시,달서구,심한 장애,남자,6479
202009,대구광역시,달서구,심한 장애,여자,4446
202009,대구광역시,달서구,심하지 않은 장애,남자,10102
202009,대구광역시,달서구,심하지 않은 장애,여자,7352
202009,대구광역시,달성군,심한 장애,남자,2750
202009,대구광역시,달성군,심한 장애,여자,1981
202009,대구광역시,달성군,심하지 않은 장애,남자,4464
202009,대구광역시,달성군,심하지 않은 장애,여자,3110
202009,인천광역시,중구,심한 장애,남자,1232
202009,인천광역시,중구,심한 장애,여자,793
202009,인천광역시,중구,심하지 않은 장애,남자,2521
202009,인천광역시,중구,심하지 않은 장애,여자,1672
202009,인천광역시,동구,심한 장애,남자,1011
202009,인천광역시,동구,심한 장애,여자,635
202009,인천광역시,동구,심하지 않은 장애,남자,1736
202009,인천광역시,동구,심하지 않은 장애,여자,1328
202009,인천광역시,미추홀구,심한 장애,남자,4642
202009,인천광역시,미추홀구,심한 장애,여자,3108
202009,인천광역시,미추홀구,심하지 않은 장애,남자,8988
202009,인천광역시,미추홀구,심하지 않은 장애,여자,5968
202009,인천광역시,연수구,심한 장애,남자,3155
202009,인천광역시,연수구,심한 장애,여자,2037
202009,인천광역시,연수구,심하지 않은 장애,남자,5062
202009,인천광역시,연수구,심하지 않은 장애,여자,3457
202009,인천광역시,남동구,심한 장애,남자,5949
202009,인천광역시,남동구,심한 장애,여자,3799
202009,인천광역시,남동구,심하지 않은 장애,남자,9780
202009,인천광역시,남동구,심하지 않은 장애,여자,6831
202009,인천광역시,부평구,심한 장애,남자,6128
202009,인천광역시,부평구,심한 장애,여자,4138
202009,인천광역시,부평구,심하지 않은 장애,남자,9631
202009,인천광역시,부평구,심하지 않은 장애,여자,7059
202009,인천광역시,계양구,심한 장애,남자,3094
202009,인천광역시,계양구,심한 장애,여자,2102
202009,인천광역시,계양구,심하지 않은 장애,남자,5660
202009,인천광역시,계양구,심하지 않은 장애,여자,3627
202009,인천광역시,서구,심한 장애,남자,5035
202009,인천광역시,서구,심한 장애,여자,3376
202009,인천광역시,서구,심하지 않은 장애,남자,9175
202009,인천광역시,서구,심하지 않은 장애,여자,5779
202009,인천광역시,강화군,심한 장애,남자,1363
202009,인천광역시,강화군,심한 장애,여자,916
202009,인천광역시,강화군,심하지 않은 장애,남자,2003
202009,인천광역시,강화군,심하지 않은 장애,여자,1596
202009,인천광역시,옹진군,심한 장애,남자,335
202009,인천광역시,옹진군,심한 장애,여자,197
202009,인천광역시,옹진군,심하지 않은 장애,남자,573
202009,인천광역시,옹진군,심하지 않은 장애,여자,440
202009,광주광역시,동구,심한 장애,남자,1252
202009,광주광역시,동구,심한 장애,여자,908
202009,광주광역시,동구,심하지 않은 장애,남자,1951
202009,광주광역시,동구,심하지 않은 장애,여자,1514
202009,광주광역시,서구,심한 장애,남자,3216
202009,광주광역시,서구,심한 장애,여자,2265
202009,광주광역시,서구,심하지 않은 장애,남자,4656
202009,광주광역시,서구,심하지 않은 장애,여자,3746
202009,광주광역시,남구,심한 장애,남자,2431
202009,광주광역시,남구,심한 장애,여자,2060
202009,광주광역시,남구,심하지 않은 장애,남자,3627
202009,광주광역시,남구,심하지 않은 장애,여자,3155
202009,광주광역시,북구,심한 장애,남자,5016
202009,광주광역시,북구,심한 장애,여자,3586
202009,광주광역시,북구,심하지 않은 장애,남자,7253
202009,광주광역시,북구,심하지 않은 장애,여자,5849
202009,광주광역시,광산구,심한 장애,남자,4136
202009,광주광역시,광산구,심한 장애,여자,2901
202009,광주광역시,광산구,심하지 않은 장애,남자,6149
202009,광주광역시,광산구,심하지 않은 장애,여자,4507
202009,대전광역시,동구,심한 장애,남자,3454
202009,대전광역시,동구,심한 장애,여자,2324
202009,대전광역시,동구,심하지 않은 장애,남자,5149
202009,대전광역시,동구,심하지 않은 장애,여자,3749
202009,대전광역시,중구,심한 장애,남자,3180
202009,대전광역시,중구,심한 장애,여자,2113
202009,대전광역시,중구,심하지 않은 장애,남자,5056
202009,대전광역시,중구,심하지 않은 장애,여자,3801
202009,대전광역시,서구,심한 장애,남자,4805
202009,대전광역시,서구,심한 장애,여자,3391
202009,대전광역시,서구,심하지 않은 장애,남자,7460
202009,대전광역시,서구,심하지 않은 장애,여자,5431
202009,대전광역시,유성구,심한 장애,남자,2791
202009,대전광역시,유성구,심한 장애,여자,2013
202009,대전광역시,유성구,심하지 않은 장애,남자,4256
202009,대전광역시,유성구,심하지 않은 장애,여자,3178
202009,대전광역시,대덕구,심한 장애,남자,2614
202009,대전광역시,대덕구,심한 장애,여자,1766
202009,대전광역시,대덕구,심하지 않은 장애,남자,3772
202009,대전광역시,대덕구,심하지 않은 장애,여자,2724
202009,울산광역시,중구,심한 장애,남자,2241
202009,울산광역시,중구,심한 장애,여자,1494
202009,울산광역시,중구,심하지 않은 장애,남자,4244
202009,울산광역시,중구,심하지 않은 장애,여자,2775
202009,울산광역시,남구,심한 장애,남자,2847
202009,울산광역시,남구,심한 장애,여자,1848
202009,울산광역시,남구,심하지 않은 장애,남자,4993
202009,울산광역시,남구,심하지 않은 장애,여자,3295
202009,울산광역시,동구,심한 장애,남자,1604
202009,울산광역시,동구,심한 장애,여자,1007
202009,울산광역시,동구,심하지 않은 장애,남자,2833
202009,울산광역시,동구,심하지 않은 장애,여자,1803
202009,울산광역시,북구,심한 장애,남자,1963
202009,울산광역시,북구,심한 장애,여자,1295
202009,울산광역시,북구,심하지 않은 장애,남자,3227
202009,울산광역시,북구,심하지 않은 장애,여자,1944
202009,울산광역시,울주군,심한 장애,남자,2765
202009,울산광역시,울주군,심한 장애,여자,1876
202009,울산광역시,울주군,심하지 않은 장애,남자,4180
202009,울산광역시,울주군,심하지 않은 장애,여자,2915
202009,세종특별자치시,세종특별자치시,심한 장애,남자,2749
202009,세종특별자치시,세종특별자치시,심한 장애,여자,1807
202009,세종특별자치시,세종특별자치시,심하지 않은 장애,남자,4492
202009,세종특별자치시,세종특별자치시,심하지 않은 장애,여자,3114
202009,경기도,수원시,심한 장애,남자,9655
202009,경기도,수원시,심한 장애,여자,6623
202009,경기도,수원시,심하지 않은 장애,남자,15838
202009,경기도,수원시,심하지 않은 장애,여자,10928
202009,경기도,성남시,심한 장애,남자,8196
202009,경기도,성남시,심한 장애,여자,5687
202009,경기도,성남시,심하지 않은 장애,남자,12712
202009,경기도,성남시,심하지 않은 장애,여자,9554
202009,경기도,의정부시,심한 장애,남자,4829
202009,경기도,의정부시,심한 장애,여자,3425
202009,경기도,의정부시,심하지 않은 장애,남자,7757
202009,경기도,의정부시,심하지 않은 장애,여자,5790
202009,경기도,안양시,심한 장애,남자,4476
202009,경기도,안양시,심한 장애,여자,3079
202009,경기도,안양시,심하지 않은 장애,남자,7890
202009,경기도,안양시,심하지 않은 장애,여자,5702
202009,경기도,부천시,심한 장애,남자,8602
202009,경기도,부천시,심한 장애,여자,5558
202009,경기도,부천시,심하지 않은 장애,남자,14025
202009,경기도,부천시,심하지 않은 장애,여자,9104
202009,경기도,광명시,심한 장애,남자,3005
202009,경기도,광명시,심한 장애,여자,1983
202009,경기도,광명시,심하지 않은 장애,남자,4871
202009,경기도,광명시,심하지 않은 장애,여자,3413
202009,경기도,평택시,심한 장애,남자,5111
202009,경기도,평택시,심한 장애,여자,3608
202009,경기도,평택시,심하지 않은 장애,남자,9550
202009,경기도,평택시,심하지 않은 장애,여자,6415
202009,경기도,동두천시,심한 장애,남자,1567
202009,경기도,동두천시,심한 장애,여자,1026
202009,경기도,동두천시,심하지 않은 장애,남자,2072
202009,경기도,동두천시,심하지 않은 장애,여자,1617
202009,경기도,안산시,심한 장애,남자,7216
202009,경기도,안산시,심한 장애,여자,4627
202009,경기도,안산시,심하지 않은 장애,남자,13065
202009,경기도,안산시,심하지 않은 장애,여자,7952
202009,경기도,고양시,심한 장애,남자,9318
202009,경기도,고양시,심한 장애,여자,6328
202009,경기도,고양시,심하지 않은 장애,남자,14631
202009,경기도,고양시,심하지 않은 장애,여자,11261
202009,경기도,과천시,심한 장애,남자,414
202009,경기도,과천시,심한 장애,여자,320
202009,경기도,과천시,심하지 않은 장애,남자,648
202009,경기도,과천시,심하지 않은 장애,여자,550
202009,경기도,구리시,심한 장애,남자,1904
202009,경기도,구리시,심한 장애,여자,1195
202009,경기도,구리시,심하지 않은 장애,남자,3298
202009,경기도,구리시,심하지 않은 장애,여자,2341
202009,경기도,남양주시,심한 장애,남자,6749
202009,경기도,남양주시,심한 장애,여자,4368
202009,경기도,남양주시,심하지 않은 장애,남자,12200
202009,경기도,남양주시,심하지 않은 장애,여자,8477
202009,경기도,오산시,심한 장애,남자,2090
202009,경기도,오산시,심한 장애,여자,1434
202009,경기도,오산시,심하지 않은 장애,남자,3255
202009,경기도,오산시,심하지 않은 장애,여자,2007
202009,경기도,시흥시,심한 장애,남자,4519
202009,경기도,시흥시,심한 장애,여자,2816
202009,경기도,시흥시,심하지 않은 장애,남자,8443
202009,경기도,시흥시,심하지 않은 장애,여자,4834
202009,경기도,군포시,심한 장애,남자,2528
202009,경기도,군포시,심한 장애,여자,1717
202009,경기도,군포시,심하지 않은 장애,남자,4244
202009,경기도,군포시,심하지 않은 장애,여자,3135
202009,경기도,의왕시,심한 장애,남자,1296
202009,경기도,의왕시,심한 장애,여자,924
202009,경기도,의왕시,심하지 않은 장애,남자,2466
202009,경기도,의왕시,심하지 않은 장애,여자,1832
202009,경기도,하남시,심한 장애,남자,2410
202009,경기도,하남시,심한 장애,여자,1513
202009,경기도,하남시,심하지 않은 장애,남자,4101
202009,경기도,하남시,심하지 않은 장애,여자,2916
202009,경기도,용인시,심한 장애,남자,7821
202009,경기도,용인시,심한 장애,여자,5999
202009,경기도,용인시,심하지 않은 장애,남자,13178
202009,경기도,용인시,심하지 않은 장애,여자,9395
202009,경기도,파주시,심한 장애,남자,4768
202009,경기도,파주시,심한 장애,여자,3226
202009,경기도,파주시,심하지 않은 장애,남자,7482
202009,경기도,파주시,심하지 않은 장애,여자,5505
202009,경기도,이천시,심한 장애,남자,2624
202009,경기도,이천시,심한 장애,여자,1728
202009,경기도,이천시,심하지 않은 장애,남자,3803
202009,경기도,이천시,심하지 않은 장애,여자,2516
202009,경기도,안성시,심한 장애,남자,2589
202009,경기도,안성시,심한 장애,여자,1636
202009,경기도,안성시,심하지 않은 장애,남자,4047
202009,경기도,안성시,심하지 않은 장애,여자,2773
202009,경기도,김포시,심한 장애,남자,3819
202009,경기도,김포시,심한 장애,여자,2446
202009,경기도,김포시,심하지 않은 장애,남자,6920
202009,경기도,김포시,심하지 않은 장애,여자,4541
202009,경기도,화성시,심한 장애,남자,6262
202009,경기도,화성시,심한 장애,여자,3983
202009,경기도,화성시,심하지 않은 장애,남자,11601
202009,경기도,화성시,심하지 않은 장애,여자,7009
202009,경기도,광주시,심한 장애,남자,3614
202009,경기도,광주시,심한 장애,여자,2356
202009,경기도,광주시,심하지 않은 장애,남자,6451
202009,경기도,광주시,심하지 않은 장애,여자,4049
202009,경기도,양주시,심한 장애,남자,2788
202009,경기도,양주시,심한 장애,여자,1977
202009,경기도,양주시,심하지 않은 장애,남자,4436
202009,경기도,양주시,심하지 않은 장애,여자,3017
202009,경기도,포천시,심한 장애,남자,2345
202009,경기도,포천시,심한 장애,여자,1434
202009,경기도,포천시,심하지 않은 장애,남자,3881
202009,경기도,포천시,심하지 않은 장애,여자,2551
202009,경기도,여주시,심한 장애,남자,1851
202009,경기도,여주시,심한 장애,여자,1164
202009,경기도,여주시,심하지 않은 장애,남자,2511
202009,경기도,여주시,심하지 않은 장애,여자,1802
202009,경기도,연천군,심한 장애,남자,775
202009,경기도,연천군,심한 장애,여자,473
202009,경기도,연천군,심하지 않은 장애,남자,1197
202009,경기도,연천군,심하지 않은 장애,여자,976
202009,경기도,가평군,심한 장애,남자,1393
202009,경기도,가평군,심한 장애,여자,918
202009,경기도,가평군,심하지 않은 장애,남자,1709
202009,경기도,가평군,심하지 않은 장애,여자,1254
202009,경기도,양평군,심한 장애,남자,1880
202009,경기도,양평군,심한 장애,여자,1207
202009,경기도,양평군,심하지 않은 장애,남자,2684
202009,경기도,양평군,심하지 않은 장애,여자,2058
202009,강원도,춘천시,심한 장애,남자,3640
202009,강원도,춘천시,심한 장애,여자,2427
202009,강원도,춘천시,심하지 않은 장애,남자,5520
202009,강원도,춘천시,심하지 않은 장애,여자,4061
202009,강원도,원주시,심한 장애,남자,4479
202009,강원도,원주시,심한 장애,여자,3061
202009,강원도,원주시,심하지 않은 장애,남자,6626
202009,강원도,원주시,심하지 않은 장애,여자,4873
202009,강원도,강릉시,심한 장애,남자,3231
202009,강원도,강릉시,심한 장애,여자,2086
202009,강원도,강릉시,심하지 않은 장애,남자,4563
202009,강원도,강릉시,심하지 않은 장애,여자,3633
202009,강원도,동해시,심한 장애,남자,1541
202009,강원도,동해시,심한 장애,여자,944
202009,강원도,동해시,심하지 않은 장애,남자,2370
202009,강원도,동해시,심하지 않은 장애,여자,1894
202009,강원도,태백시,심한 장애,남자,1022
202009,강원도,태백시,심한 장애,여자,544
202009,강원도,태백시,심하지 않은 장애,남자,1451
202009,강원도,태백시,심하지 않은 장애,여자,1216
202009,강원도,속초시,심한 장애,남자,1083
202009,강원도,속초시,심한 장애,여자,726
202009,강원도,속초시,심하지 않은 장애,남자,1790
202009,강원도,속초시,심하지 않은 장애,여자,1369
202009,강원도,삼척시,심한 장애,남자,1240
202009,강원도,삼척시,심한 장애,여자,782
202009,강원도,삼척시,심하지 않은 장애,남자,1861
202009,강원도,삼척시,심하지 않은 장애,여자,1619
202009,강원도,홍천군,심한 장애,남자,1196
202009,강원도,홍천군,심한 장애,여자,772
202009,강원도,홍천군,심하지 않은 장애,남자,1857
202009,강원도,홍천군,심하지 않은 장애,여자,1328
202009,강원도,횡성군,심한 장애,남자,760
202009,강원도,횡성군,심한 장애,여자,528
202009,강원도,횡성군,심하지 않은 장애,남자,1420
202009,강원도,횡성군,심하지 않은 장애,여자,1007
202009,강원도,영월군,심한 장애,남자,755
202009,강원도,영월군,심한 장애,여자,496
202009,강원도,영월군,심하지 않은 장애,남자,1227
202009,강원도,영월군,심하지 않은 장애,여자,1028
202009,강원도,평창군,심한 장애,남자,664
202009,강원도,평창군,심한 장애,여자,481
202009,강원도,평창군,심하지 않은 장애,남자,1144
202009,강원도,평창군,심하지 않은 장애,여자,917
202009,강원도,정선군,심한 장애,남자,789
202009,강원도,정선군,심한 장애,여자,469
202009,강원도,정선군,심하지 않은 장애,남자,1169
202009,강원도,정선군,심하지 않은 장애,여자,966
202009,강원도,철원군,심한 장애,남자,724
202009,강원도,철원군,심한 장애,여자,482
202009,강원도,철원군,심하지 않은 장애,남자,1061
202009,강원도,철원군,심하지 않은 장애,여자,856
202009,강원도,화천군,심한 장애,남자,414
202009,강원도,화천군,심한 장애,여자,261
202009,강원도,화천군,심하지 않은 장애,남자,634
202009,강원도,화천군,심하지 않은 장애,여자,500
202009,강원도,양구군,심한 장애,남자,323
202009,강원도,양구군,심한 장애,여자,227
202009,강원도,양구군,심하지 않은 장애,남자,537
202009,강원도,양구군,심하지 않은 장애,여자,442
202009,강원도,인제군,심한 장애,남자,449
202009,강원도,인제군,심한 장애,여자,324
202009,강원도,인제군,심하지 않은 장애,남자,723
202009,강원도,인제군,심하지 않은 장애,여자,523
202009,강원도,고성군,심한 장애,남자,479
202009,강원도,고성군,심한 장애,여자,326
202009,강원도,고성군,심하지 않은 장애,남자,773
202009,강원도,고성군,심하지 않은 장애,여자,698
202009,강원도,양양군,심한 장애,남자,529
202009,강원도,양양군,심한 장애,여자,353
202009,강원도,양양군,심하지 않은 장애,남자,828
202009,강원도,양양군,심하지 않은 장애,여자,613
202009,충청북도,청주시,심한 장애,남자,9297
202009,충청북도,청주시,심한 장애,여자,6438
202009,충청북도,청주시,심하지 않은 장애,남자,13894
202009,충청북도,청주시,심하지 않은 장애,여자,10435
202009,충청북도,충주시,심한 장애,남자,3046
202009,충청북도,충주시,심한 장애,여자,2092
202009,충청북도,충주시,심하지 않은 장애,남자,4605
202009,충청북도,충주시,심하지 않은 장애,여자,3700
202009,충청북도,제천시,심한 장애,남자,2428
202009,충청북도,제천시,심한 장애,여자,1543
202009,충청북도,제천시,심하지 않은 장애,남자,3648
202009,충청북도,제천시,심하지 않은 장애,여자,2842
202009,충청북도,보은군,심한 장애,남자,695
202009,충청북도,보은군,심한 장애,여자,439
202009,충청북도,보은군,심하지 않은 장애,남자,1106
202009,충청북도,보은군,심하지 않은 장애,여자,987
202009,충청북도,옥천군,심한 장애,남자,1119
202009,충청북도,옥천군,심한 장애,여자,858
202009,충청북도,옥천군,심하지 않은 장애,남자,1674
202009,충청북도,옥천군,심하지 않은 장애,여자,1531
202009,충청북도,영동군,심한 장애,남자,833
202009,충청북도,영동군,심한 장애,여자,649
202009,충청북도,영동군,심하지 않은 장애,남자,1607
202009,충청북도,영동군,심하지 않은 장애,여자,1426
202009,충청북도,증평군,심한 장애,남자,611
202009,충청북도,증평군,심한 장애,여자,368
202009,충청북도,증평군,심하지 않은 장애,남자,798
202009,충청북도,증평군,심하지 않은 장애,여자,606
202009,충청북도,진천군,심한 장애,남자,942
202009,충청북도,진천군,심한 장애,여자,694
202009,충청북도,진천군,심하지 않은 장애,남자,1634
202009,충청북도,진천군,심하지 않은 장애,여자,1232
202009,충청북도,괴산군,심한 장애,남자,784
202009,충청북도,괴산군,심한 장애,여자,552
202009,충청북도,괴산군,심하지 않은 장애,남자,1294
202009,충청북도,괴산군,심하지 않은 장애,여자,1150
202009,충청북도,음성군,심한 장애,남자,2017
202009,충청북도,음성군,심한 장애,여자,1405
202009,충청북도,음성군,심하지 않은 장애,남자,2367
202009,충청북도,음성군,심하지 않은 장애,여자,1652
202009,충청북도,단양군,심한 장애,남자,573
202009,충청북도,단양군,심한 장애,여자,404
202009,충청북도,단양군,심하지 않은 장애,남자,1043
202009,충청북도,단양군,심하지 않은 장애,여자,825
202009,충청남도,천안시,심한 장애,남자,6261
202009,충청남도,천안시,심한 장애,여자,4323
202009,충청남도,천안시,심하지 않은 장애,남자,9919
202009,충청남도,천안시,심하지 않은 장애,여자,6513
202009,충청남도,공주시,심한 장애,남자,2177
202009,충청남도,공주시,심한 장애,여자,1442
202009,충청남도,공주시,심하지 않은 장애,남자,2868
202009,충청남도,공주시,심하지 않은 장애,여자,2345
202009,충청남도,보령시,심한 장애,남자,2154
202009,충청남도,보령시,심한 장애,여자,1300
202009,충청남도,보령시,심하지 않은 장애,남자,2936
202009,충청남도,보령시,심하지 않은 장애,여자,2431
202009,충청남도,아산시,심한 장애,남자,3483
202009,충청남도,아산시,심한 장애,여자,2394
202009,충청남도,아산시,심하지 않은 장애,남자,5676
202009,충청남도,아산시,심하지 않은 장애,여자,4048
202009,충청남도,서산시,심한 장애,남자,2099
202009,충청남도,서산시,심한 장애,여자,1433
202009,충청남도,서산시,심하지 않은 장애,남자,3657
202009,충청남도,서산시,심하지 않은 장애,여자,2957
202009,충청남도,논산시,심한 장애,남자,2519
202009,충청남도,논산시,심한 장애,여자,1798
202009,충청남도,논산시,심하지 않은 장애,남자,3475
202009,충청남도,논산시,심하지 않은 장애,여자,2898
202009,충청남도,계룡시,심한 장애,남자,324
202009,충청남도,계룡시,심한 장애,여자,242
202009,충청남도,계룡시,심하지 않은 장애,남자,558
202009,충청남도,계룡시,심하지 않은 장애,여자,479
202009,충청남도,당진시,심한 장애,남자,2031
202009,충청남도,당진시,심한 장애,여자,1470
202009,충청남도,당진시,심하지 않은 장애,남자,4098
202009,충청남도,당진시,심하지 않은 장애,여자,2815
202009,충청남도,금산군,심한 장애,남자,983
202009,충청남도,금산군,심한 장애,여자,649
202009,충청남도,금산군,심하지 않은 장애,남자,1621
202009,충청남도,금산군,심하지 않은 장애,여자,1544
202009,충청남도,부여군,심한 장애,남자,1555
202009,충청남도,부여군,심한 장애,여자,1071
202009,충청남도,부여군,심하지 않은 장애,남자,2367
202009,충청남도,부여군,심하지 않은 장애,여자,2138
202009,충청남도,서천군,심한 장애,남자,1112
202009,충청남도,서천군,심한 장애,여자,811
202009,충청남도,서천군,심하지 않은 장애,남자,1875
202009,충청남도,서천군,심하지 않은 장애,여자,1831
202009,충청남도,청양군,심한 장애,남자,601
202009,충청남도,청양군,심한 장애,여자,453
202009,충청남도,청양군,심하지 않은 장애,남자,1168
202009,충청남도,청양군,심하지 않은 장애,여자,1104
202009,충청남도,홍성군,심한 장애,남자,1596
202009,충청남도,홍성군,심한 장애,여자,1063
202009,충청남도,홍성군,심하지 않은 장애,남자,2609
202009,충청남도,홍성군,심하지 않은 장애,여자,2236
202009,충청남도,예산군,심한 장애,남자,1412
202009,충청남도,예산군,심한 장애,여자,1048
202009,충청남도,예산군,심하지 않은 장애,남자,2682
202009,충청남도,예산군,심하지 않은 장애,여자,2401
202009,충청남도,태안군,심한 장애,남자,1044
202009,충청남도,태안군,심한 장애,여자,682
202009,충청남도,태안군,심하지 않은 장애,남자,1911
202009,충청남도,태안군,심하지 않은 장애,여자,1613
202009,전라북도,전주시,심한 장애,남자,7332
202009,전라북도,전주시,심한 장애,여자,5413
202009,전라북도,전주시,심하지 않은 장애,남자,11534
202009,전라북도,전주시,심하지 않은 장애,여자,9604
202009,전라북도,군산시,심한 장애,남자,3771
202009,전라북도,군산시,심한 장애,여자,2660
202009,전라북도,군산시,심하지 않은 장애,남자,6420
202009,전라북도,군산시,심하지 않은 장애,여자,5023
202009,전라북도,익산시,심한 장애,남자,4626
202009,전라북도,익산시,심한 장애,여자,3502
202009,전라북도,익산시,심하지 않은 장애,남자,6832
202009,전라북도,익산시,심하지 않은 장애,여자,5665
202009,전라북도,정읍시,심한 장애,남자,2135
202009,전라북도,정읍시,심한 장애,여자,1581
202009,전라북도,정읍시,심하지 않은 장애,남자,3155
202009,전라북도,정읍시,심하지 않은 장애,여자,3254
202009,전라북도,남원시,심한 장애,남자,1671
202009,전라북도,남원시,심한 장애,여자,1262
202009,전라북도,남원시,심하지 않은 장애,남자,2512
202009,전라북도,남원시,심하지 않은 장애,여자,2349
202009,전라북도,김제시,심한 장애,남자,1932
202009,전라북도,김제시,심한 장애,여자,1462
202009,전라북도,김제시,심하지 않은 장애,남자,2921
202009,전라북도,김제시,심하지 않은 장애,여자,3055
202009,전라북도,완주군,심한 장애,남자,1743
202009,전라북도,완주군,심한 장애,여자,1260
202009,전라북도,완주군,심하지 않은 장애,남자,2650
202009,전라북도,완주군,심하지 않은 장애,여자,2382
202009,전라북도,진안군,심한 장애,남자,534
202009,전라북도,진안군,심한 장애,여자,409
202009,전라북도,진안군,심하지 않은 장애,남자,910
202009,전라북도,진안군,심하지 않은 장애,여자,947
202009,전라북도,무주군,심한 장애,남자,442
202009,전라북도,무주군,심한 장애,여자,364
202009,전라북도,무주군,심하지 않은 장애,남자,861
202009,전라북도,무주군,심하지 않은 장애,여자,816
202009,전라북도,장수군,심한 장애,남자,398
202009,전라북도,장수군,심한 장애,여자,313
202009,전라북도,장수군,심하지 않은 장애,남자,776
202009,전라북도,장수군,심하지 않은 장애,여자,870
202009,전라북도,임실군,심한 장애,남자,594
202009,전라북도,임실군,심한 장애,여자,480
202009,전라북도,임실군,심하지 않은 장애,남자,1052
202009,전라북도,임실군,심하지 않은 장애,여자,1057
202009,전라북도,순창군,심한 장애,남자,588
202009,전라북도,순창군,심한 장애,여자,433
202009,전라북도,순창군,심하지 않은 장애,남자,882
202009,전라북도,순창군,심하지 않은 장애,여자,1039
202009,전라북도,고창군,심한 장애,남자,1133
202009,전라북도,고창군,심한 장애,여자,850
202009,전라북도,고창군,심하지 않은 장애,남자,1723
202009,전라북도,고창군,심하지 않은 장애,여자,1940
202009,전라북도,부안군,심한 장애,남자,1085
202009,전라북도,부안군,심한 장애,여자,809
202009,전라북도,부안군,심하지 않은 장애,남자,1695
202009,전라북도,부안군,심하지 않은 장애,여자,1622
202009,전라남도,목포시,심한 장애,남자,3099
202009,전라남도,목포시,심한 장애,여자,2141
202009,전라남도,목포시,심하지 않은 장애,남자,4625
202009,전라남도,목포시,심하지 않은 장애,여자,4094
202009,전라남도,여수시,심한 장애,남자,3719
202009,전라남도,여수시,심한 장애,여자,2621
202009,전라남도,여수시,심하지 않은 장애,남자,6119
202009,전라남도,여수시,심하지 않은 장애,여자,5481
202009,전라남도,순천시,심한 장애,남자,3257
202009,전라남도,순천시,심한 장애,여자,2446
202009,전라남도,순천시,심하지 않은 장애,남자,5710
202009,전라남도,순천시,심하지 않은 장애,여자,4541
202009,전라남도,나주시,심한 장애,남자,1950
202009,전라남도,나주시,심한 장애,여자,1444
202009,전라남도,나주시,심하지 않은 장애,남자,2603
202009,전라남도,나주시,심하지 않은 장애,여자,2610
202009,전라남도,광양시,심한 장애,남자,1585
202009,전라남도,광양시,심한 장애,여자,1100
202009,전라남도,광양시,심하지 않은 장애,남자,2740
202009,전라남도,광양시,심하지 않은 장애,여자,2298
202009,전라남도,담양군,심한 장애,남자,840
202009,전라남도,담양군,심한 장애,여자,620
202009,전라남도,담양군,심하지 않은 장애,남자,1281
202009,전라남도,담양군,심하지 않은 장애,여자,1248
202009,전라남도,곡성군,심한 장애,남자,614
202009,전라남도,곡성군,심한 장애,여자,513
202009,전라남도,곡성군,심하지 않은 장애,남자,1008
202009,전라남도,곡성군,심하지 않은 장애,여자,1155
202009,전라남도,구례군,심한 장애,남자,539
202009,전라남도,구례군,심한 장애,여자,388
202009,전라남도,구례군,심하지 않은 장애,남자,938
202009,전라남도,구례군,심하지 않은 장애,여자,932
202009,전라남도,고흥군,심한 장애,남자,1516
202009,전라남도,고흥군,심한 장애,여자,1118
202009,전라남도,고흥군,심하지 않은 장애,남자,2268
202009,전라남도,고흥군,심하지 않은 장애,여자,2613
202009,전라남도,보성군,심한 장애,남자,856
202009,전라남도,보성군,심한 장애,여자,669
202009,전라남도,보성군,심하지 않은 장애,남자,1433
202009,전라남도,보성군,심하지 않은 장애,여자,1491
202009,전라남도,화순군,심한 장애,남자,1035
202009,전라남도,화순군,심한 장애,여자,764
202009,전라남도,화순군,심하지 않은 장애,남자,1685
202009,전라남도,화순군,심하지 않은 장애,여자,1668
202009,전라남도,장흥군,심한 장애,남자,810
202009,전라남도,장흥군,심한 장애,여자,637
202009,전라남도,장흥군,심하지 않은 장애,남자,1138
202009,전라남도,장흥군,심하지 않은 장애,여자,1340
202009,전라남도,강진군,심한 장애,남자,643
202009,전라남도,강진군,심한 장애,여자,478
202009,전라남도,강진군,심하지 않은 장애,남자,1010
202009,전라남도,강진군,심하지 않은 장애,여자,1204
202009,전라남도,해남군,심한 장애,남자,1435
202009,전라남도,해남군,심한 장애,여자,987
202009,전라남도,해남군,심하지 않은 장애,남자,1993
202009,전라남도,해남군,심하지 않은 장애,여자,2003
202009,전라남도,영암군,심한 장애,남자,956
202009,전라남도,영암군,심한 장애,여자,733
202009,전라남도,영암군,심하지 않은 장애,남자,1507
202009,전라남도,영암군,심하지 않은 장애,여자,1538
202009,전라남도,무안군,심한 장애,남자,1488
202009,전라남도,무안군,심한 장애,여자,1083
202009,전라남도,무안군,심하지 않은 장애,남자,1900
202009,전라남도,무안군,심하지 않은 장애,여자,1857
202009,전라남도,함평군,심한 장애,남자,772
202009,전라남도,함평군,심한 장애,여자,623
202009,전라남도,함평군,심하지 않은 장애,남자,1109
202009,전라남도,함평군,심하지 않은 장애,여자,1280
202009,전라남도,영광군,심한 장애,남자,1061
202009,전라남도,영광군,심한 장애,여자,795
202009,전라남도,영광군,심하지 않은 장애,남자,1508
202009,전라남도,영광군,심하지 않은 장애,여자,1772
202009,전라남도,장성군,심한 장애,남자,897
202009,전라남도,장성군,심한 장애,여자,607
202009,전라남도,장성군,심하지 않은 장애,남자,1307
202009,전라남도,장성군,심하지 않은 장애,여자,1316
202009,전라남도,완도군,심한 장애,남자,955
202009,전라남도,완도군,심한 장애,여자,618
202009,전라남도,완도군,심하지 않은 장애,남자,1439
202009,전라남도,완도군,심하지 않은 장애,여자,1585
202009,전라남도,진도군,심한 장애,남자,646
202009,전라남도,진도군,심한 장애,여자,481
202009,전라남도,진도군,심하지 않은 장애,남자,933
202009,전라남도,진도군,심하지 않은 장애,여자,1134
202009,전라남도,신안군,심한 장애,남자,812
202009,전라남도,신안군,심한 장애,여자,512
202009,전라남도,신안군,심하지 않은 장애,남자,1423
202009,전라남도,신안군,심하지 않은 장애,여자,1532
202009,경상북도,포항시,심한 장애,남자,6388
202009,경상북도,포항시,심한 장애,여자,4186
202009,경상북도,포항시,심하지 않은 장애,남자,9699
202009,경상북도,포항시,심하지 않은 장애,여자,7128
202009,경상북도,경주시,심한 장애,남자,3589
202009,경상북도,경주시,심한 장애,여자,2506
202009,경상북도,경주시,심하지 않은 장애,남자,5884
202009,경상북도,경주시,심하지 않은 장애,여자,4602
202009,경상북도,김천시,심한 장애,남자,2397
202009,경상북도,김천시,심한 장애,여자,1756
202009,경상북도,김천시,심하지 않은 장애,남자,3533
202009,경상북도,김천시,심하지 않은 장애,여자,3338
202009,경상북도,안동시,심한 장애,남자,3307
202009,경상북도,안동시,심한 장애,여자,2325
202009,경상북도,안동시,심하지 않은 장애,남자,4345
202009,경상북도,안동시,심하지 않은 장애,여자,3909
202009,경상북도,구미시,심한 장애,남자,3793
202009,경상북도,구미시,심한 장애,여자,2609
202009,경상북도,구미시,심하지 않은 장애,남자,5967
202009,경상북도,구미시,심하지 않은 장애,여자,4243
202009,경상북도,영주시,심한 장애,남자,1874
202009,경상북도,영주시,심한 장애,여자,1302
202009,경상북도,영주시,심하지 않은 장애,남자,2806
202009,경상북도,영주시,심하지 않은 장애,여자,2386
202009,경상북도,영천시,심한 장애,남자,1792
202009,경상북도,영천시,심한 장애,여자,1203
202009,경상북도,영천시,심하지 않은 장애,남자,2925
202009,경상북도,영천시,심하지 않은 장애,여자,2404
202009,경상북도,상주시,심한 장애,남자,1905
202009,경상북도,상주시,심한 장애,여자,1345
202009,경상북도,상주시,심하지 않은 장애,남자,3085
202009,경상북도,상주시,심하지 않은 장애,여자,3161
202009,경상북도,문경시,심한 장애,남자,1392
202009,경상북도,문경시,심한 장애,여자,906
202009,경상북도,문경시,심하지 않은 장애,남자,2177
202009,경상북도,문경시,심하지 않은 장애,여자,2189
202009,경상북도,경산시,심한 장애,남자,3275
202009,경상북도,경산시,심한 장애,여자,2219
202009,경상북도,경산시,심하지 않은 장애,남자,5226
202009,경상북도,경산시,심하지 않은 장애,여자,3886
202009,경상북도,군위군,심한 장애,남자,436
202009,경상북도,군위군,심한 장애,여자,338
202009,경상북도,군위군,심하지 않은 장애,남자,928
202009,경상북도,군위군,심하지 않은 장애,여자,865
202009,경상북도,의성군,심한 장애,남자,1196
202009,경상북도,의성군,심한 장애,여자,858
202009,경상북도,의성군,심하지 않은 장애,남자,2022
202009,경상북도,의성군,심하지 않은 장애,여자,2144
202009,경상북도,청송군,심한 장애,남자,486
202009,경상북도,청송군,심한 장애,여자,338
202009,경상북도,청송군,심하지 않은 장애,남자,1024
202009,경상북도,청송군,심하지 않은 장애,여자,1019
202009,경상북도,영양군,심한 장애,남자,384
202009,경상북도,영양군,심한 장애,여자,269
202009,경상북도,영양군,심하지 않은 장애,남자,618
202009,경상북도,영양군,심하지 않은 장애,여자,668
202009,경상북도,영덕군,심한 장애,남자,789
202009,경상북도,영덕군,심한 장애,여자,538
202009,경상북도,영덕군,심하지 않은 장애,남자,1228
202009,경상북도,영덕군,심하지 않은 장애,여자,1268
202009,경상북도,청도군,심한 장애,남자,822
202009,경상북도,청도군,심한 장애,여자,533
202009,경상북도,청도군,심하지 않은 장애,남자,1374
202009,경상북도,청도군,심하지 않은 장애,여자,1557
202009,경상북도,고령군,심한 장애,남자,637
202009,경상북도,고령군,심한 장애,여자,416
202009,경상북도,고령군,심하지 않은 장애,남자,1117
202009,경상북도,고령군,심하지 않은 장애,여자,994
202009,경상북도,성주군,심한 장애,남자,809
202009,경상북도,성주군,심한 장애,여자,531
202009,경상북도,성주군,심하지 않은 장애,남자,1416
202009,경상북도,성주군,심하지 않은 장애,여자,1209
202009,경상북도,칠곡군,심한 장애,남자,1454
202009,경상북도,칠곡군,심한 장애,여자,992
202009,경상북도,칠곡군,심하지 않은 장애,남자,2357
202009,경상북도,칠곡군,심하지 않은 장애,여자,1690
202009,경상북도,예천군,심한 장애,남자,1089
202009,경상북도,예천군,심한 장애,여자,799
202009,경상북도,예천군,심하지 않은 장애,남자,1642
202009,경상북도,예천군,심하지 않은 장애,여자,1725
202009,경상북도,봉화군,심한 장애,남자,648
202009,경상북도,봉화군,심한 장애,여자,484
202009,경상북도,봉화군,심하지 않은 장애,남자,1111
202009,경상북도,봉화군,심하지 않은 장애,여자,1001
202009,경상북도,울진군,심한 장애,남자,846
202009,경상북도,울진군,심한 장애,여자,652
202009,경상북도,울진군,심하지 않은 장애,남자,1393
202009,경상북도,울진군,심하지 않은 장애,여자,1214
202009,경상북도,울릉군,심한 장애,남자,92
202009,경상북도,울릉군,심한 장애,여자,61
202009,경상북도,울릉군,심하지 않은 장애,남자,231
202009,경상북도,울릉군,심하지 않은 장애,여자,171
202009,경상남도,창원시,심한 장애,남자,10849
202009,경상남도,창원시,심한 장애,여자,7512
202009,경상남도,창원시,심하지 않은 장애,남자,18874
202009,경상남도,창원시,심하지 않은 장애,여자,12689
202009,경상남도,진주시,심한 장애,남자,4196
202009,경상남도,진주시,심한 장애,여자,2912
202009,경상남도,진주시,심하지 않은 장애,남자,6246
202009,경상남도,진주시,심하지 않은 장애,여자,4744
202009,경상남도,통영시,심한 장애,남자,1662
202009,경상남도,통영시,심한 장애,여자,1145
202009,경상남도,통영시,심하지 않은 장애,남자,2653
202009,경상남도,통영시,심하지 않은 장애,여자,2178
202009,경상남도,사천시,심한 장애,남자,1698
202009,경상남도,사천시,심한 장애,여자,1180
202009,경상남도,사천시,심하지 않은 장애,남자,2490
202009,경상남도,사천시,심하지 않은 장애,여자,1995
202009,경상남도,김해시,심한 장애,남자,5788
202009,경상남도,김해시,심한 장애,여자,3762
202009,경상남도,김해시,심하지 않은 장애,남자,9318
202009,경상남도,김해시,심하지 않은 장애,여자,5915
202009,경상남도,밀양시,심한 장애,남자,1963
202009,경상남도,밀양시,심한 장애,여자,1361
202009,경상남도,밀양시,심하지 않은 장애,남자,2978
202009,경상남도,밀양시,심하지 않은 장애,여자,2686
202009,경상남도,거제시,심한 장애,남자,2603
202009,경상남도,거제시,심한 장애,여자,1587
202009,경상남도,거제시,심하지 않은 장애,남자,4289
202009,경상남도,거제시,심하지 않은 장애,여자,2635
202009,경상남도,양산시,심한 장애,남자,3901
202009,경상남도,양산시,심한 장애,여자,2583
202009,경상남도,양산시,심하지 않은 장애,남자,5883
202009,경상남도,양산시,심하지 않은 장애,여자,3987
202009,경상남도,의령군,심한 장애,남자,679
202009,경상남도,의령군,심한 장애,여자,462
202009,경상남도,의령군,심하지 않은 장애,남자,853
202009,경상남도,의령군,심하지 않은 장애,여자,919
202009,경상남도,함안군,심한 장애,남자,1141
202009,경상남도,함안군,심한 장애,여자,776
202009,경상남도,함안군,심하지 않은 장애,남자,1727
202009,경상남도,함안군,심하지 않은 장애,여자,1470
202009,경상남도,창녕군,심한 장애,남자,1131
202009,경상남도,창녕군,심한 장애,여자,773
202009,경상남도,창녕군,심하지 않은 장애,남자,1826
202009,경상남도,창녕군,심하지 않은 장애,여자,1736
202009,경상남도,고성군,심한 장애,남자,1043
202009,경상남도,고성군,심한 장애,여자,770
202009,경상남도,고성군,심하지 않은 장애,남자,1515
202009,경상남도,고성군,심하지 않은 장애,여자,1374
202009,경상남도,남해군,심한 장애,남자,892
202009,경상남도,남해군,심한 장애,여자,619
202009,경상남도,남해군,심하지 않은 장애,남자,1383
202009,경상남도,남해군,심하지 않은 장애,여자,1488
202009,경상남도,하동군,심한 장애,남자,982
202009,경상남도,하동군,심한 장애,여자,745
202009,경상남도,하동군,심하지 않은 장애,남자,1403
202009,경상남도,하동군,심하지 않은 장애,여자,1392
202009,경상남도,산청군,심한 장애,남자,725
202009,경상남도,산청군,심한 장애,여자,647
202009,경상남도,산청군,심하지 않은 장애,남자,1063
202009,경상남도,산청군,심하지 않은 장애,여자,1141
202009,경상남도,함양군,심한 장애,남자,751
202009,경상남도,함양군,심한 장애,여자,579
202009,경상남도,함양군,심하지 않은 장애,남자,1152
202009,경상남도,함양군,심하지 않은 장애,여자,1316
202009,경상남도,거창군,심한 장애,남자,1060
202009,경상남도,거창군,심한 장애,여자,732
202009,경상남도,거창군,심하지 않은 장애,남자,1661
202009,경상남도,거창군,심하지 않은 장애,여자,1616
202009,경상남도,합천군,심한 장애,남자,989
202009,경상남도,합천군,심한 장애,여자,723
202009,경상남도,합천군,심하지 않은 장애,남자,1475
202009,경상남도,합천군,심하지 않은 장애,여자,1651
202009,제주특별자치도,제주시,심한 장애,남자,5811
202009,제주특별자치도,제주시,심한 장애,여자,4370
202009,제주특별자치도,제주시,심하지 않은 장애,남자,8202
202009,제주특별자치도,제주시,심하지 않은 장애,여자,6823
202009,제주특별자치도,서귀포시,심한 장애,남자,2418
202009,제주특별자치도,서귀포시,심한 장애,여자,1739
202009,제주특별자치도,서귀포시,심하지 않은 장애,남자,3741
202009,제주특별자치도,서귀포시,심하지 않은 장애,여자,3466
